"conversation_key","year","month","day","hour","agent","channel","abandoned","sla"
"5b45878cd2e6a90010d55883","2018","7","11","4","5b445d1da16f58001071a8b2","SMS",,"true"
"5b45879bd2e6a90010d55886","2018","7","11","4","5b445daaa16f58001071a8c7","SMS",,"false"
"5b45879bd2e6a90010d55886","2018","7","11","4","5b445daaa16f58001071a8c7","SMS",,"true"
"5b45879cd2e6a90010d55889","2018","7","11","4","5b445daaa16f58001071a8c7","SMS",,"true"
"5b4587a0d2e6a90010d5588c","2018","7","11","4","5b445d1da16f58001071a8b2","SMS",,"false"
"5b4587a0d2e6a90010d5588c","2018","7","11","4","5b445d1da16f58001071a8b2","SMS",,"true"
"5b4588ccd2e6a90010d55891","2018","7","11","4","5b445daaa16f58001071a8c7","Email",,"true"
"5b4588ccd2e6a90010d55891","2018","7","11","4","5b445daaa16f58001071a8c7","Email",,"false"
"5b45879bd2e6a90010d55886","2018","7","11","5","5b445daaa16f58001071a8c7","SMS",,"false"
"5b45879bd2e6a90010d55886","2018","7","11","5","5b445daaa16f58001071a8c7","SMS",,"true"
"5b4588ccd2e6a90010d55891","2018","7","11","5","5b445daaa16f58001071a8c7","Email",,"true"
"5b4588ccd2e6a90010d55891","2018","7","11","5","5b445daaa16f58001071a8c7","Email",,"false"
"5b459333d2e6a90010d5589a","2018","7","11","5","5b4574b0d6c4af0010f9ad7d","SMS",,"true"
"5b459370d2e6a90010d5589c","2018","7","11","5","5b445d1da16f58001071a8b2","SMS",,"true"
"5b459370d2e6a90010d5589c","2018","7","11","5","5b445d1da16f58001071a8b2","SMS",,"false"
"5b4594a3d2e6a90010d558a2","2018","7","11","5","5b445d1da16f58001071a8b2","SMS",,"false"
"5b4594a3d2e6a90010d558a2","2018","7","11","5","5b445d1da16f58001071a8b2","SMS",,"true"
"5b4595fed2e6a90010d558a4","2018","7","11","6","5b4574b0d6c4af0010f9ad7d","SMS",,"false"
"5b4595fed2e6a90010d558a4","2018","7","11","6","5b4574b0d6c4af0010f9ad7d","SMS",,"true"
"5b459f14d2e6a90010d558a7","2018","7","11","6","5b445daaa16f58001071a8c7","Email",,"true"
"5b459f14d2e6a90010d558a7","2018","7","11","6","5b445daaa16f58001071a8c7","Email",,"false"
"5b459f4cd2e6a90010d558a9","2018","7","11","6","5b445d1da16f58001071a8b2","Email",,"false"
"5b459f4cd2e6a90010d558a9","2018","7","11","6","5b445d1da16f58001071a8b2","Email",,"true"
"5b45a413d2e6a90010d558ab","2018","7","11","6","5b445cffa16f58001071a8aa","SMS",,"false"
"5b45a413d2e6a90010d558ab","2018","7","11","6","5b445cffa16f58001071a8aa","SMS",,"true"
"5b459f14d2e6a90010d558a7","2018","7","11","7","5b445daaa16f58001071a8c7","Email",,"false"
"5b459f14d2e6a90010d558a7","2018","7","11","7","5b445daaa16f58001071a8c7","Email",,"true"
"5b45af28d2e6a90010d558b5","2018","7","11","7","5b4574b0d6c4af0010f9ad7d","SMS",,"false"
"5b45af28d2e6a90010d558b5","2018","7","11","7","5b445daaa16f58001071a8c7","SMS",,"false"
"5b45af28d2e6a90010d558b5","2018","7","11","7","5b445daaa16f58001071a8c7","SMS",,"true"
"5b45af28d2e6a90010d558b5","2018","7","11","7","5b4574b0d6c4af0010f9ad7d","SMS",,"true"
"5b45af2cd2e6a90010d558b7","2018","7","11","7","5b445daaa16f58001071a8c7","SMS",,"true"
"5b45af2cd2e6a90010d558b7","2018","7","11","7","5b4574b0d6c4af0010f9ad7d","SMS",,"true"
"5b45af2cd2e6a90010d558b7","2018","7","11","7","5b4574b0d6c4af0010f9ad7d","SMS",,"false"
"5b45af2cd2e6a90010d558b7","2018","7","11","7","5b445daaa16f58001071a8c7","SMS",,"false"
"5b45af28d2e6a90010d558b5","2018","7","11","8","5b4574b0d6c4af0010f9ad7d","SMS",,"true"
"5b45af28d2e6a90010d558b5","2018","7","11","8","5b4574b0d6c4af0010f9ad7d","SMS",,"false"
"5b45c88cd2e6a90010d558be","2018","7","11","9","5b4574b0d6c4af0010f9ad7d","Email",,"false"
"5b45c88cd2e6a90010d558be","2018","7","11","9","5b4574b0d6c4af0010f9ad7d","Email",,"true"
"5b4c5dccd2e6a90010d558ca","2018","7","16","9","5b46be7cd6c4af0010f9adbe","Email",,"true"
"5b45b1ccd2e6a90010d558bb","2018","7","17","2","5b445daaa16f58001071a8c7","SMS",,"false"
"5b45b1ccd2e6a90010d558bb","2018","7","17","2","5b445daaa16f58001071a8c7","SMS",,"true"
"5b4d5ae4d2e6a90010d558d6","2018","7","17","2","5b445daaa16f58001071a8c7","SMS",,"true"
"5b4d5ae4d2e6a90010d558d6","2018","7","17","2","5b445daaa16f58001071a8c7","SMS",,"false"
"5b45ae43d2e6a90010d558b0","2018","7","20","6","5b445d1da16f58001071a8b2","SMS",,"false"
"5b45ae43d2e6a90010d558b0","2018","7","20","6","5b445d1da16f58001071a8b2","SMS",,"true"
"5b56c842d2e6a90010d558e5","2018","7","24","6","5b56c5e66786a40010189155","Email",,"false"
"5b56c842d2e6a90010d558e5","2018","7","24","6","5b56c5e66786a40010189155","Email",,"true"
"5b56c842d2e6a90010d558e5","2018","7","24","7","5b56c5e66786a40010189155","Email",,"true"
"5b56c842d2e6a90010d558e5","2018","7","24","7","5b56c5e66786a40010189155","Email",,"false"
"5b4d5ae4d2e6a90010d558d6","2018","7","26","3","","SMS",,"false"
"5b4d5ae4d2e6a90010d558d6","2018","7","26","3","","SMS",,"true"
"5b595ceee515380010613460","2018","7","27","2","5b56a4fd6786a4001018914e","SMS",,"true"
"5b595ceee515380010613460","2018","7","27","2","5b56a4fd6786a4001018914e","SMS",,"false"
"5b5a888214d3c70010c47375","2018","7","27","5","5b56a4fd6786a4001018914e","SMS",,"true"
"5b5a888214d3c70010c47375","2018","7","27","5","5b56a4fd6786a4001018914e","SMS",,"false"
"5b595ce4e51538001061345d","2018","7","27","9","5b46be7cd6c4af0010f9adbe","SMS",,"false"
"5b595ce4e51538001061345d","2018","7","27","9","5b46be7cd6c4af0010f9adbe","SMS",,"true"
"5b45a413d2e6a90010d558ab","2018","8","1","2","5b56a4fd6786a4001018914e","SMS",,"false"
"5b45a413d2e6a90010d558ab","2018","8","1","2","5b56a4fd6786a4001018914e","SMS",,"true"
"5b4d5ae4d2e6a90010d558d6","2018","8","1","2","5b4574b0d6c4af0010f9ad7d","SMS",,"false"
"5b4d5ae4d2e6a90010d558d6","2018","8","1","2","5b4574b0d6c4af0010f9ad7d","SMS",,"true"
"5b56c842d2e6a90010d558e5","2018","8","1","2","5b56c5e66786a40010189155","Email",,"true"
"5b56c842d2e6a90010d558e5","2018","8","1","2","5b56c5e66786a40010189155","Email",,"false"
"5b5a89f814d3c70010c4737f","2018","8","1","2","5b56c5e66786a40010189155","Email",,"true"
"5b5a89f814d3c70010c4737f","2018","8","1","2","5b56c5e66786a40010189155","Email",,"false"
"5b603dca14d3c70010c4749b","2018","8","1","2","5b56a4fd6786a4001018914e","SMS",,"false"
"5b603dca14d3c70010c4749b","2018","8","1","2","5b56a4fd6786a4001018914e","SMS",,"true"
"5b582665e515380010613457","2018","8","1","3","5b4486d2a16f58001071a8ec","Web Chat",,"false"
"5b582665e515380010613457","2018","8","1","3","5b4486d2a16f58001071a8ec","Web Chat",,"true"
"5b61240914d3c70010c474b5","2018","8","1","3","5b448a26a16f58001071a8fa","Web Chat",,"false"
"5b61240914d3c70010c474b5","2018","8","1","3","5b448a26a16f58001071a8fa","Web Chat",,"true"
"5b61240914d3c70010c474b5","2018","8","1","3","5b4486d2a16f58001071a8ec","Web Chat",,"true"
"5b61240914d3c70010c474b5","2018","8","1","3","5b4486d2a16f58001071a8ec","Web Chat",,"false"
"5b6129c514d3c70010c474ba","2018","8","1","3","5b4486d2a16f58001071a8ec","Email",,"true"
"5b612ab814d3c70010c474bf","2018","8","1","3","5b4486d2a16f58001071a8ec","Email",,"true"
"5b612af014d3c70010c474c1","2018","8","1","3","5b4486d2a16f58001071a8ec","Email",,"true"
"5b612af014d3c70010c474c3","2018","8","1","3","5b4486d2a16f58001071a8ec","Email",,"true"
"5b612b6414d3c70010c474c5","2018","8","1","3","5b448a26a16f58001071a8fa","Email",,"false"
"5b612b6414d3c70010c474c5","2018","8","1","3","5b448a26a16f58001071a8fa","Email",,"true"
"5b612b6414d3c70010c474c7","2018","8","1","3","5b4486d2a16f58001071a8ec","Email",,"false"
"5b612b6414d3c70010c474c7","2018","8","1","3","5b4486d2a16f58001071a8ec","Email",,"true"
"5b612dc314d3c70010c474c9","2018","8","1","3","5b4486d2a16f58001071a8ec","Email",,"true"
"5b6130b314d3c70010c474d1","2018","8","1","4","5b448a26a16f58001071a8fa","SMS",,"true"
"5b6130b314d3c70010c474d1","2018","8","1","4","5b4486d2a16f58001071a8ec","SMS",,"false"
"5b6130b314d3c70010c474d1","2018","8","1","4","5b448a26a16f58001071a8fa","SMS",,"false"
"5b6130b314d3c70010c474d1","2018","8","1","4","5b4486d2a16f58001071a8ec","SMS",,"true"
"5b612dc314d3c70010c474cb","2018","8","1","6","5b4486d2a16f58001071a8ec","Email",,"true"
"5b612dc814d3c70010c474cd","2018","8","1","6","5b448a26a16f58001071a8fa","Web Chat",,"true"
"5b612dc814d3c70010c474cd","2018","8","1","6","5b448a26a16f58001071a8fa","Web Chat",,"false"
"5b6130b014d3c70010c474cf","2018","8","1","6","5b4486d2a16f58001071a8ec","SMS",,"false"
"5b6130b014d3c70010c474cf","2018","8","1","6","5b4486d2a16f58001071a8ec","SMS",,"true"
"5b6130b314d3c70010c474d1","2018","8","1","6","5b448a26a16f58001071a8fa","SMS",,"true"
"5b6130b314d3c70010c474d1","2018","8","1","6","5b448a26a16f58001071a8fa","SMS",,"false"
"5b61325c14d3c70010c474d5","2018","8","1","6","5b448a26a16f58001071a8fa","Web Chat",,"true"
"5b61325c14d3c70010c474d5","2018","8","1","6","5b448a26a16f58001071a8fa","Web Chat",,"false"
"5b61326814d3c70010c474d7","2018","8","1","6","5b4486d2a16f58001071a8ec","Web Chat",,"false"
"5b61326814d3c70010c474d7","2018","8","1","6","5b4486d2a16f58001071a8ec","Web Chat",,"true"
"5b614f5d14d3c70010c474db","2018","8","1","6","5b4486d2a16f58001071a8ec","Web Chat",,"false"
"5b614f5d14d3c70010c474db","2018","8","1","6","5b4486d2a16f58001071a8ec","Web Chat",,"true"
"5b614f7a14d3c70010c474dd","2018","8","1","6","5b4486d2a16f58001071a8ec","Web Chat",,"true"
"5b614f7a14d3c70010c474dd","2018","8","1","6","5b4486d2a16f58001071a8ec","Web Chat",,"false"
"5b614fb214d3c70010c474df","2018","8","1","6","5b4486d2a16f58001071a8ec","Web Chat",,"true"
"5b614fb214d3c70010c474df","2018","8","1","6","5b4486d2a16f58001071a8ec","Web Chat",,"false"
"5b6156fa14d3c70010c474e6","2018","8","2","2","5b4486d2a16f58001071a8ec","Web Chat",,"true"
"5b6156fa14d3c70010c474e6","2018","8","2","2","5b4486d2a16f58001071a8ec","Web Chat",,"false"
"5b61572114d3c70010c474e8","2018","8","2","2","5b4486d2a16f58001071a8ec","SMS",,"true"
"5b61572114d3c70010c474e8","2018","8","2","2","5b4486d2a16f58001071a8ec","SMS",,"false"
"5b6266d1fdcfe50010e59042","2018","8","2","2","5b4486d2a16f58001071a8ec","SMS",,"true"
"5b6266d1fdcfe50010e59042","2018","8","2","2","5b4486d2a16f58001071a8ec","SMS",,"false"
"5b62686afdcfe50010e59048","2018","8","2","4","5b56a4fd6786a4001018914e","SMS",,"false"
"5b62686afdcfe50010e59048","2018","8","2","4","5b56a4fd6786a4001018914e","SMS",,"true"
"5b45c88cd2e6a90010d558be","2018","8","2","6","5b4574b0d6c4af0010f9ad7d","Email",,"true"
"5b45c88cd2e6a90010d558be","2018","8","2","6","5b4574b0d6c4af0010f9ad7d","Email",,"false"
"5b63c0ecfdcfe50010e59090","2018","8","3","2","5b445cffa16f58001071a8aa","Email",,"false"
"5b63c0ecfdcfe50010e59090","2018","8","3","2","5b445cffa16f58001071a8aa","Email",,"true"
"5b45c88cd2e6a90010d558be","2018","8","3","8","5b4574b0d6c4af0010f9ad7d","Email",,"false"
"5b45c88cd2e6a90010d558be","2018","8","3","8","5b4574b0d6c4af0010f9ad7d","Email",,"true"
"5b626d29fdcfe50010e59054","2018","8","6","2","5b56a4fd6786a4001018914e","SMS",,"false"
"5b626d29fdcfe50010e59054","2018","8","6","2","5b56a4fd6786a4001018914e","SMS",,"true"
"5b63fa18fdcfe50010e590c8","2018","8","6","2","5b447560a16f58001071a8e1","SMS",,"true"
"5b63fa18fdcfe50010e590c8","2018","8","6","2","5b447560a16f58001071a8e1","SMS",,"false"
"5b63fa1cfdcfe50010e590ca","2018","8","6","2","5b447560a16f58001071a8e1","SMS",,"true"
"5b63fa1cfdcfe50010e590ca","2018","8","6","2","5b447560a16f58001071a8e1","SMS",,"false"
"5b67aeb2fdcfe50010e590d9","2018","8","6","2","5b4486d2a16f58001071a8ec","Email",,"true"
"5b67b012fdcfe50010e590db","2018","8","6","2","5b4486d2a16f58001071a8ec","SMS",,"true"
"5b45c88cd2e6a90010d558be","2018","8","6","4","5b4574b0d6c4af0010f9ad7d","Email",,"false"
"5b45c88cd2e6a90010d558be","2018","8","6","4","5b56c5e66786a40010189155","Email",,"true"
"5b45c88cd2e6a90010d558be","2018","8","6","4","5b4574b0d6c4af0010f9ad7d","Email",,"true"
"5b45c88cd2e6a90010d558be","2018","8","6","4","5b56c5e66786a40010189155","Email",,"false"
"5b67c67dfdcfe50010e590e1","2018","8","6","4","5b4574b0d6c4af0010f9ad7d","SMS",,"true"
"5b67c67dfdcfe50010e590e1","2018","8","6","4","5b4574b0d6c4af0010f9ad7d","SMS",,"false"
"5b67cfebfdcfe50010e590ec","2018","8","6","4","5b4574b0d6c4af0010f9ad7d","SMS",,"false"
"5b67cfebfdcfe50010e590ec","2018","8","6","4","5b56c5e66786a40010189155","SMS",,"false"
"5b67cfebfdcfe50010e590ec","2018","8","6","4","5b56c5e66786a40010189155","SMS",,"true"
"5b67cfebfdcfe50010e590ec","2018","8","6","4","5b4574b0d6c4af0010f9ad7d","SMS",,"true"
"5b67cfebfdcfe50010e590ec","2018","8","6","7","5b4574b0d6c4af0010f9ad7d","SMS",,"true"
"5b67cfebfdcfe50010e590ec","2018","8","6","7","5b4574b0d6c4af0010f9ad7d","SMS",,"false"
"5b6812edfdcfe50010e590f8","2018","8","6","9","5b56a4fd6786a4001018914e","SMS",,"false"
"5b6812edfdcfe50010e590f8","2018","8","6","9","5b56a4fd6786a4001018914e","SMS",,"true"
"5b6a9815fdcfe50010e59104","2018","8","8","7","","SMS",,"false"
"5b6a9815fdcfe50010e59104","2018","8","8","7","","SMS",,"true"
"5b6a9815fdcfe50010e59104","2018","8","8","7","5b56a4fd6786a4001018914e","SMS",,"false"
"5b6a9815fdcfe50010e59104","2018","8","8","7","5b56a4fd6786a4001018914e","SMS",,"true"
"5b6a9827fdcfe50010e59106","2018","8","8","7","5b56a4fd6786a4001018914e","SMS",,"true"
"5b6a9827fdcfe50010e59106","2018","8","8","7","5b56a4fd6786a4001018914e","SMS",,"false"
"5b68058cfdcfe50010e590f4","2018","8","10","3","5b56c5e66786a40010189155","SMS",,"false"
"5b68058cfdcfe50010e590f4","2018","8","10","3","5b56c5e66786a40010189155","SMS",,"true"
"5b6813c6fdcfe50010e590fa","2018","8","10","3","5b56c5e66786a40010189155","SMS",,"true"
"5b6813c6fdcfe50010e590fa","2018","8","10","3","5b56c5e66786a40010189155","SMS",,"false"
"5b6a9815fdcfe50010e59104","2018","8","10","3","5b4574b0d6c4af0010f9ad7d","SMS",,"true"
"5b6a9815fdcfe50010e59104","2018","8","10","3","5b4574b0d6c4af0010f9ad7d","SMS",,"false"
"5b6d0cb4fdcfe50010e59110","2018","8","10","4","5b4574b0d6c4af0010f9ad7d","Web Chat",,"false"
"5b6d0cb4fdcfe50010e59110","2018","8","10","4","5b4574b0d6c4af0010f9ad7d","Web Chat",,"true"
"5b6d12acfdcfe50010e59117","2018","8","10","4","5b4574b0d6c4af0010f9ad7d","Web Chat",,"true"
"5b6d417dfdcfe50010e59119","2018","8","10","9","5b56c5e66786a40010189155","Web Chat",,"true"
"5b6d417dfdcfe50010e59119","2018","8","10","9","5b56c5e66786a40010189155","Web Chat",,"false"
"5b6d5783fdcfe50010e5911b","2018","8","10","9","5b56c5e66786a40010189155","Web Chat",,"true"
"5b6d5966fdcfe50010e5911d","2018","8","10","9","5b56c5e66786a40010189155","Web Chat",,"false"
"5b6d5966fdcfe50010e5911d","2018","8","10","9","5b56c5e66786a40010189155","Web Chat",,"true"
"5b6d5c6afdcfe50010e59123","2018","8","10","9","5b56c5e66786a40010189155","Web Chat",,"false"
"5b6d5c6afdcfe50010e59123","2018","8","10","9","5b56c5e66786a40010189155","Web Chat",,"true"
"5b70e2cefdcfe50010e5912b","2018","8","13","1","5b448b18a16f58001071a901","Web Chat",,"true"
"5b6d5966fdcfe50010e5911d","2018","8","13","2","5b56c5e66786a40010189155","Web Chat",,"true"
"5b6d5966fdcfe50010e5911d","2018","8","13","2","5b56c5e66786a40010189155","Web Chat",,"false"
"5b6d5c6afdcfe50010e59123","2018","8","13","2","5b56c5e66786a40010189155","Web Chat",,"true"
"5b6d5c6afdcfe50010e59123","2018","8","13","2","5b56c5e66786a40010189155","Web Chat",,"false"
"5b70e869fdcfe50010e59133","2018","8","13","2","5b56c5e66786a40010189155","Web Chat",,"false"
"5b70e869fdcfe50010e59133","2018","8","13","2","5b56c5e66786a40010189155","Web Chat",,"true"
"5b70e869fdcfe50010e59133","2018","8","13","5","5b4574b0d6c4af0010f9ad7d","Web Chat",,"false"
"5b70e869fdcfe50010e59133","2018","8","13","5","5b4574b0d6c4af0010f9ad7d","Web Chat",,"true"
"5b70e869fdcfe50010e59133","2018","8","13","6","5b4574b0d6c4af0010f9ad7d","Web Chat",,"false"
"5b70e869fdcfe50010e59133","2018","8","13","6","5b4574b0d6c4af0010f9ad7d","Web Chat",,"true"
"5b691ecefdcfe50010e590fc","2018","8","15","3","5b4489c2a16f58001071a8f3","SMS",,"false"
"5b691ecefdcfe50010e590fc","2018","8","15","3","5b4489c2a16f58001071a8f3","SMS",,"true"
"5b73a111fdcfe50010e59146","2018","8","15","3","5b56c5e66786a40010189155","SMS",,"true"
"5b73a111fdcfe50010e59146","2018","8","15","3","5b56c5e66786a40010189155","SMS",,"false"
"5b63f9c7fdcfe50010e590c6","2018","8","21","1","","SMS",,"true"
"5b63f9c7fdcfe50010e590c6","2018","8","21","1","","SMS",,"false"
"5b63c0ecfdcfe50010e59090","2018","8","21","2","5b445cffa16f58001071a8aa","Email",,"true"
"5b63c0ecfdcfe50010e59090","2018","8","21","2","5b445cffa16f58001071a8aa","Email",,"false"
"5b63f9c7fdcfe50010e590c6","2018","8","21","2","5b4486d2a16f58001071a8ec","SMS",,"false"
"5b63f9c7fdcfe50010e590c6","2018","8","21","2","5b4486d2a16f58001071a8ec","SMS",,"true"
"5b6a9827fdcfe50010e59106","2018","8","21","2","5b56a4fd6786a4001018914e","SMS",,"true"
"5b6a9827fdcfe50010e59106","2018","8","21","2","5b56a4fd6786a4001018914e","SMS",,"false"
"5b73a111fdcfe50010e59146","2018","8","21","2","5b56c5e66786a40010189155","SMS",,"true"
"5b73a111fdcfe50010e59146","2018","8","21","2","5b56c5e66786a40010189155","SMS",,"false"
"5b73a319fdcfe50010e59148","2018","8","21","2","5b56c5e66786a40010189155","SMS",,"false"
"5b73a319fdcfe50010e59148","2018","8","21","2","5b56c5e66786a40010189155","SMS",,"true"
"5b7531d1fdcfe50010e5914c","2018","8","21","2","5b447560a16f58001071a8e1","Email",,"false"
"5b7531d1fdcfe50010e5914c","2018","8","21","2","5b447560a16f58001071a8e1","Email",,"true"
"5b7b7784fdcfe50010e59154","2018","8","21","2","5b56a4fd6786a4001018914e","SMS",,"false"
"5b7b7784fdcfe50010e59154","2018","8","21","2","5b56a4fd6786a4001018914e","SMS",,"true"
"5b7b790efdcfe50010e59158","2018","8","21","2","5b445cffa16f58001071a8aa","SMS",,"false"
"5b7b790efdcfe50010e59158","2018","8","21","2","5b445cffa16f58001071a8aa","SMS",,"true"
"5b7b7e74fdcfe50010e59162","2018","8","21","7","5b445cffa16f58001071a8aa","SMS",,"false"
"5b7b7e74fdcfe50010e59162","2018","8","21","7","5b445cffa16f58001071a8aa","SMS",,"true"
"5b7bced7fdcfe50010e5916e","2018","8","21","9","5b448a26a16f58001071a8fa","WhatsApp",,"false"
"5b7bced7fdcfe50010e5916e","2018","8","21","9","5b448a26a16f58001071a8fa","WhatsApp",,"true"
"5b7bc170fdcfe50010e59166","2018","8","21","10","5b445daaa16f58001071a8c7","WhatsApp",,"true"
"5b7bc170fdcfe50010e59166","2018","8","21","10","5b445daaa16f58001071a8c7","WhatsApp",,"false"
"5b7be9dbfdcfe50010e5917a","2018","8","21","10","5b445daaa16f58001071a8c7","WhatsApp",,"true"
"5b7bef29fdcfe50010e5917c","2018","8","21","10","5b445daaa16f58001071a8c7","WhatsApp",,"true"
"5b7bef89fdcfe50010e59180","2018","8","21","10","5b445daaa16f58001071a8c7","WhatsApp",,"true"
"5b7bf005fdcfe50010e59185","2018","8","21","10","5b56a4fd6786a4001018914e","WhatsApp",,"true"
"5b7bf005fdcfe50010e59185","2018","8","21","11","5b56a4fd6786a4001018914e","WhatsApp",,"true"
"5b7535b2fdcfe50010e5914e","2018","8","22","16","5b448b18a16f58001071a901","Web Chat",,"false"
"5b7535b2fdcfe50010e5914e","2018","8","22","16","5b448b18a16f58001071a901","Web Chat",,"true"
"5b7d946efdcfe50010e5918b","2018","8","22","16","5b448b18a16f58001071a901","Web Chat",,"false"
"5b7d946efdcfe50010e5918b","2018","8","22","16","5b448b18a16f58001071a901","Web Chat",,"true"
"5b7d946efdcfe50010e5918b","2018","8","22","17","5b448b18a16f58001071a901","Web Chat",,"true"
"5b7d946efdcfe50010e5918b","2018","8","22","17","5b448b18a16f58001071a901","Web Chat",,"false"
"5b7d946efdcfe50010e5918b","2018","8","23","1","5b448b18a16f58001071a901","Web Chat",,"false"
"5b7d946efdcfe50010e5918b","2018","8","23","1","5b448b18a16f58001071a901","Web Chat",,"true"
"5b7beffffdcfe50010e59183","2018","8","23","2","5b56a4fd6786a4001018914e","SMS",,"true"
"5b7beffffdcfe50010e59183","2018","8","23","2","5b56a4fd6786a4001018914e","SMS",,"false"
"5b7e14fffdcfe50010e59193","2018","8","23","2","5b448b18a16f58001071a901","Web Chat",,"true"
"5b7e14fffdcfe50010e59193","2018","8","23","2","5b448b18a16f58001071a901","Web Chat",,"false"
"5b7e1deafdcfe50010e5919f","2018","8","24","7","5b448a26a16f58001071a8fa","SMS",,"false"
"5b7e1deafdcfe50010e5919f","2018","8","24","7","5b448a26a16f58001071a8fa","SMS",,"true"
"5b7e258bfdcfe50010e591a1","2018","8","24","7","5b448a26a16f58001071a8fa","SMS",,"false"
"5b7e258bfdcfe50010e591a1","2018","8","24","7","5b448a26a16f58001071a8fa","SMS",,"true"
"5b7fb12b2172210010e93eab","2018","8","24","7","5b448a26a16f58001071a8fa","SMS",,"true"
"5b7fb6232172210010e93ead","2018","8","24","7","5b448a26a16f58001071a8fa","WhatsApp",,"true"
"5b7fd1c7e94e0b001009a0ec","2018","8","24","12","5b448a26a16f58001071a8fa","WhatsApp",,"true"
"5b7fd1c7e94e0b001009a0ec","2018","8","24","12","5b448a26a16f58001071a8fa","WhatsApp",,"false"
"5b7fd1c7e94e0b001009a0ec","2018","8","27","4","5b448a26a16f58001071a8fa","WhatsApp",,"false"
"5b7fd1c7e94e0b001009a0ec","2018","8","27","4","5b448a26a16f58001071a8fa","WhatsApp",,"true"
"5b839fdfe94e0b001009a120","2018","8","27","7","5b4574b0d6c4af0010f9ad7d","SMS",,"true"
"5b839fdfe94e0b001009a120","2018","8","27","7","5b4574b0d6c4af0010f9ad7d","SMS",,"false"
"5b84e90be94e0b001009a260","2018","8","28","6","5b56a4fd6786a4001018914e","WhatsApp",,"true"
"5b84f7a4e94e0b001009a269","2018","8","28","7","5b56a4fd6786a4001018914e","WhatsApp",,"true"
"5b84f7a4e94e0b001009a269","2018","8","28","7","5b56a4fd6786a4001018914e","WhatsApp",,"false"
"5b84fd26e94e0b001009a277","2018","8","28","7","5b56a4fd6786a4001018914e","WhatsApp",,"false"
"5b84fd26e94e0b001009a277","2018","8","28","7","5b56a4fd6786a4001018914e","WhatsApp",,"true"
"5b84f771e94e0b001009a266","2018","8","28","8","5b56a4fd6786a4001018914e","WhatsApp",,"false"
"5b84f771e94e0b001009a266","2018","8","28","8","5b56a4fd6786a4001018914e","WhatsApp",,"true"
"5b85009fe94e0b001009a27e","2018","8","28","8","5b56a4fd6786a4001018914e","Email",,"true"
"5b85024fe94e0b001009a280","2018","8","28","8","5b56a4fd6786a4001018914e","WhatsApp",,"false"
"5b85024fe94e0b001009a280","2018","8","28","8","5b56a4fd6786a4001018914e","WhatsApp",,"true"
"5b86612326e2c40011adffee","2018","8","29","9","5b448a26a16f58001071a8fa","WhatsApp",,"true"
"5b86612326e2c40011adffee","2018","8","29","9","5b448a26a16f58001071a8fa","WhatsApp",,"false"
"5b874df026e2c40011adfff6","2018","8","30","1","5b56a4fd6786a4001018914e","WhatsApp",,"true"
"5b87570c26e2c40011adfff8","2018","8","30","2","5b56a4fd6786a4001018914e","WhatsApp",,"true"
"5b8761c826e2c40011adfffe","2018","8","30","6","5b56a4fd6786a4001018914e","SMS",,"false"
"5b8761c826e2c40011adfffe","2018","8","30","6","5b56a4fd6786a4001018914e","SMS",,"true"
"5b87773826e2c40011ae0000","2018","8","30","6","5b56a4fd6786a4001018914e","Web Chat",,"false"
"5b87773826e2c40011ae0000","2018","8","30","6","5b56a4fd6786a4001018914e","Web Chat",,"true"
"5b87a83826e2c40011ae0004","2018","8","30","8","5b448a26a16f58001071a8fa","WhatsApp",,"true"
"5b88b8d226e2c40011ae000f","2018","8","31","3","5b56a4fd6786a4001018914e","WhatsApp",,"true"
"5b88b6bd26e2c40011ae0006","2018","8","31","7","5b56a4fd6786a4001018914e","SMS",,"true"
"5b88b6bd26e2c40011ae0006","2018","8","31","7","5b56a4fd6786a4001018914e","SMS",,"false"
"5b9623f626e2c40011ae00b7","2018","9","10","8","5b445daaa16f58001071a8c7","SMS",,"true"
"5b9623f626e2c40011ae00b7","2018","9","10","8","5b445daaa16f58001071a8c7","SMS",,"false"
"5b962a8226e2c40011ae00bf","2018","9","10","8","5b56a4fd6786a4001018914e","SMS",,"true"
"5b962a8226e2c40011ae00bf","2018","9","10","8","5b56a4fd6786a4001018914e","WhatsApp",,"true"
"5b97258226e2c40011ae00c5","2018","9","11","2","5b56a4fd6786a4001018914e","SMS",,"false"
"5b97258226e2c40011ae00c5","2018","9","11","2","5b56a4fd6786a4001018914e","SMS",,"true"
"5b972bba26e2c40011ae00c7","2018","9","11","2","5b56a4fd6786a4001018914e","SMS",,"true"
"5b9a0ac326e2c40011ae00ed","2018","9","13","6","5b56a4fd6786a4001018914e","SMS",,"true"
"5ba216e48611440010a07ece","2018","9","27","4","5b448a26a16f58001071a8fa","SMS","false","false"
"5ba216e48611440010a07ece","2018","9","27","4","5b448a26a16f58001071a8fa","SMS","false","true"
"5bab3c438611440010a07f13","2018","9","27","4","5b448a26a16f58001071a8fa","SMS","false","false"
"5bab3c438611440010a07f13","2018","9","27","4","5b448a26a16f58001071a8fa","SMS","false","true"
"5bab3c618611440010a07f18","2018","9","27","4","5b448a26a16f58001071a8fa","Email","false","true"
"5bab3c618611440010a07f18","2018","9","27","4","5b448a26a16f58001071a8fa","Email","false","false"
"5bac55c88611440010a07f28","2018","9","27","4","5b448a26a16f58001071a8fa","SMS","false","false"
"5bac55c88611440010a07f28","2018","9","27","4","5b448a26a16f58001071a8fa","SMS","false","true"
"5bac5a5f8611440010a07f2a","2018","9","27","4","5b447560a16f58001071a8e1","SMS","false","true"
"5bb2e7b78611440010a07f3f","2018","10","2","3","5bb2e395b333090010bc6d32","SMS","false","true"
"5bb2e7b78611440010a07f3f","2018","10","2","3","5b447560a16f58001071a8e1","SMS","false","true"
"5bb2e7b78611440010a07f3f","2018","10","2","3","5bb2e395b333090010bc6d32","SMS","false","false"
"5bb2e7b78611440010a07f3f","2018","10","2","3","5b447560a16f58001071a8e1","SMS","false","false"
"5bb2eb488611440010a07f43","2018","10","2","3","5b447560a16f58001071a8e1","SMS","false","true"
"5bb2eb7e8611440010a07f45","2018","10","2","3","5b447560a16f58001071a8e1","SMS","false","true"
"5bbad2338611440010a07f58","2018","10","8","3","5b448a26a16f58001071a8fa","Email","false","true"
"5bbad9438611440010a07f5a","2018","10","8","4","5b4489c2a16f58001071a8f3","Email","false","true"
"5bbae0aea413a2001b7e5c13","2018","10","8","4","5b4489c2a16f58001071a8f3","SMS","false","true"
"5bbae0aea413a2001b7e5c13","2018","10","8","4","5b4489c2a16f58001071a8f3","SMS","false","false"
"5b595ce4e51538001061345d","2018","10","8","6","5b4489c2a16f58001071a8f3","SMS",,"true"
"5b595ce4e51538001061345d","2018","10","8","6","5b4489c2a16f58001071a8f3","SMS",,"false"
"5bbadb948611440010a07f5f","2018","10","8","6","5b4489c2a16f58001071a8f3","Email","false","false"
"5bbadb948611440010a07f5f","2018","10","8","6","5b4489c2a16f58001071a8f3","Email","false","true"
"5bbae0aea413a2001b7e5c13","2018","10","8","6","5b4489c2a16f58001071a8f3","SMS","false","true"
"5bbae0aea413a2001b7e5c13","2018","10","8","6","5b4489c2a16f58001071a8f3","SMS","false","false"
"5bbaf4dca413a2001b7e5c15","2018","10","8","6","5b4489c2a16f58001071a8f3","WhatsApp","false","true"
"5bbaf8348611440010a07f66","2018","10","8","6","5b4489c2a16f58001071a8f3","WhatsApp","false","true"
"5bbaf8348611440010a07f66","2018","10","8","6","5b4489c2a16f58001071a8f3","WhatsApp","false","false"
"5bb583db8611440010a07f4e","2018","10","8","7","5b4489c2a16f58001071a8f3","SMS","false","false"
"5bb583db8611440010a07f4e","2018","10","8","7","5b4489c2a16f58001071a8f3","SMS","false","true"
"5bbafb76a413a2001b7e5c17","2018","10","8","7","5b4489c2a16f58001071a8f3","Email","false","true"
"5bbafb76a413a2001b7e5c17","2018","10","8","7","5b4489c2a16f58001071a8f3","Email","false","false"
"5bbafeb18611440010a07f6e","2018","10","8","7","5b4489c2a16f58001071a8f3","WhatsApp","false","true"
"5bbafeb18611440010a07f6e","2018","10","8","7","5b4489c2a16f58001071a8f3","WhatsApp","false","false"
"5bbb086ba413a2001b7e5c21","2018","10","8","7","5b4489c2a16f58001071a8f3","SMS","false","true"
"5bbb09128611440010a07f76","2018","10","8","7","5b448a26a16f58001071a8fa","SMS","false","false"
"5bbb09128611440010a07f76","2018","10","8","7","5b448a26a16f58001071a8fa","SMS","false","true"
"5bbb09ff8611440010a07f78","2018","10","8","7","","SMS","false","true"
"5bbb09ff8611440010a07f78","2018","10","8","7","","SMS","false","false"
"5bbb0a9a8611440010a07f7a","2018","10","8","7","5b448a26a16f58001071a8fa","SMS","false","true"
"5bbb0a9a8611440010a07f7c","2018","10","8","7","5b448a26a16f58001071a8fa","SMS","false","true"
"5bbb0a9a8611440010a07f7c","2018","10","8","7","5b448a26a16f58001071a8fa","SMS","false","false"
"5bbb0a9a8611440010a07f7c","2018","10","8","7","","SMS","false","true"
"5bbb0a9a8611440010a07f7c","2018","10","8","7","5b4489c2a16f58001071a8f3","SMS","false","true"
"5bbb0a9a8611440010a07f7c","2018","10","8","7","5b4489c2a16f58001071a8f3","SMS","false","false"
"5bbb0a9a8611440010a07f7c","2018","10","8","7","","SMS","false","false"
"5bbb0af3a413a2001b7e5c23","2018","10","8","7","5b4489c2a16f58001071a8f3","Email","false","true"
"5bbb09ff8611440010a07f78","2018","10","8","8","5b448a26a16f58001071a8fa","SMS","false","false"
"5bbb09ff8611440010a07f78","2018","10","8","8","5b448a26a16f58001071a8fa","SMS","false","true"
"5bbb0a9a8611440010a07f7c","2018","10","8","8","5b445cffa16f58001071a8aa","SMS","false","false"
"5bbb0a9a8611440010a07f7c","2018","10","8","8","5b445cffa16f58001071a8aa","SMS","false","true"
"5bbb10f98611440010a07f80","2018","10","8","8","5b448a26a16f58001071a8fa","SMS","false","true"
"5bbb10f98611440010a07f80","2018","10","8","8","5b448a26a16f58001071a8fa","SMS","false","false"
"5bbb17e919daa7001cab1aeb","2018","10","8","8","5b448a26a16f58001071a8fa","WeChat","false","true"
"5bbb17e919daa7001cab1aeb","2018","10","8","8","5b448a26a16f58001071a8fa","WeChat","false","false"
"5bbb17e919daa7001cab1aeb","2018","10","8","9","5b448a26a16f58001071a8fa","WeChat","false","false"
"5bbb17e919daa7001cab1aeb","2018","10","8","9","5b448a26a16f58001071a8fa","WeChat","false","true"
"5bbb17e919daa7001cab1aec","2018","10","8","9","5b448a26a16f58001071a8fa","WeChat","false","true"
"5bbb17e919daa7001cab1aec","2018","10","8","9","5b448a26a16f58001071a8fa","WeChat","false","false"
"5bbb1d1f19daa7001cab1aed","2018","10","8","9","5b448a26a16f58001071a8fa","Telegram","false","true"
"5bbb1d1f19daa7001cab1aed","2018","10","8","9","5b448a26a16f58001071a8fa","Telegram","false","false"
"5bbb27528611440010a07f88","2018","10","8","9","5b56a4fd6786a4001018914e","Web Chat","false","false"
"5bbb27528611440010a07f88","2018","10","8","9","5b56a4fd6786a4001018914e","Web Chat","false","true"
"5bbb29078611440010a07f8a","2018","10","8","9","5b448a26a16f58001071a8fa","Web Chat","false","true"
"5bbb27a919daa7001cab1aee","2018","10","8","10","5b448a26a16f58001071a8fa","Voice","false","true"
"5bbb27a919daa7001cab1aee","2018","10","8","10","5b448a26a16f58001071a8fa","Voice","false","false"
"5bbb29078611440010a07f8a","2018","10","8","10","5b448a26a16f58001071a8fa","Web Chat","false","true"
"5bbb2f478611440010a07f8e","2018","10","8","10","5b4489c2a16f58001071a8f3","Email","false","true"
"5bbb2f478611440010a07f8e","2018","10","8","10","5b4489c2a16f58001071a8f3","Email","false","false"
"5bbb2fc2a413a2001b7e5c29","2018","10","8","10","5b448a26a16f58001071a8fa","SMS","false","false"
"5bbb2fc2a413a2001b7e5c29","2018","10","8","10","5b448a26a16f58001071a8fa","SMS","false","true"
"5bbb17e919daa7001cab1aeb","2018","10","9","2","5b448a26a16f58001071a8fa","WeChat","false","false"
"5bbb17e919daa7001cab1aeb","2018","10","9","2","5b448a26a16f58001071a8fa","WeChat","false","true"
"5bbb17e919daa7001cab1aec","2018","10","9","2","5b448a26a16f58001071a8fa","WeChat","false","true"
"5bbb17e919daa7001cab1aec","2018","10","9","2","5b448a26a16f58001071a8fa","WeChat","false","false"
"5bbb2fc2a413a2001b7e5c29","2018","10","9","2","5b448a26a16f58001071a8fa","SMS","false","false"
"5bbb2fc2a413a2001b7e5c29","2018","10","9","2","5b448a26a16f58001071a8fa","SMS","false","true"
"5bbbece219daa7001cab1aef","2018","10","9","7","5b448a26a16f58001071a8fa","WeChat","false","true"
"5bbbece219daa7001cab1aef","2018","10","9","7","5b448a26a16f58001071a8fa","WeChat","false","false"
"5bbc55328611440010a07f98","2018","10","9","7","5b4489c2a16f58001071a8f3","Email","false","true"
"5bbc55ed19daa7001cab1af2","2018","10","9","7","5b448a26a16f58001071a8fa","Voice","false","true"
"5bbc579219daa7001cab1af3","2018","10","9","7","5b448a26a16f58001071a8fa","Telegram","false","false"
"5bbc579219daa7001cab1af3","2018","10","9","7","5b448a26a16f58001071a8fa","Telegram","false","true"
"5bbc58cb19daa7001cab1af4","2018","10","9","7","5b448a26a16f58001071a8fa","Voice","false","true"
"5bbc58cb19daa7001cab1af4","2018","10","9","7","5b448a26a16f58001071a8fa","Voice","false","false"
"5bbc5afe19daa7001cab1af5","2018","10","9","7","5b448a26a16f58001071a8fa","Voice","false","false"
"5bbc5afe19daa7001cab1af5","2018","10","9","7","5b448a26a16f58001071a8fa","Voice","false","true"
"5bbc579219daa7001cab1af3","2018","10","9","8","5b448a26a16f58001071a8fa","Telegram","false","true"
"5bbc579219daa7001cab1af3","2018","10","9","8","5b448a26a16f58001071a8fa","Telegram","false","false"
"5bbc5d2019daa7001cab1af6","2018","10","9","8","5b448a26a16f58001071a8fa","WeChat","false","true"
"5bbc5d2019daa7001cab1af6","2018","10","9","8","5b448a26a16f58001071a8fa","WeChat","false","false"
"5bbc60aca06007001b9400ba","2018","10","9","8","5b4489c2a16f58001071a8f3","WeChat","false","true"
"5bbc60aca06007001b9400ba","2018","10","9","8","5b448a26a16f58001071a8fa","WeChat","false","true"
"5bbc60aca06007001b9400ba","2018","10","9","8","5b448a26a16f58001071a8fa","WeChat","false","false"
"5bbc60aca06007001b9400ba","2018","10","9","8","5b448a26a16f58001071a8fa","","false","true"
"5bbc60aca06007001b9400ba","2018","10","9","8","5b4489c2a16f58001071a8f3","WeChat","false","false"
"5bbc60aca06007001b9400ba","2018","10","9","8","5b448a26a16f58001071a8fa","","false","false"
"5bbc628fa06007001b9400bb","2018","10","9","8","5b448a26a16f58001071a8fa","Voice","false","false"
"5bbc628fa06007001b9400bb","2018","10","9","8","5b448a26a16f58001071a8fa","Voice","false","true"
"5bbc6546a06007001b9400bc","2018","10","9","8","5b448a26a16f58001071a8fa","Voice","false","false"
"5bbc6546a06007001b9400bc","2018","10","9","8","5b448a26a16f58001071a8fa","Voice","false","true"
"5bbc6631a06007001b9400bd","2018","10","9","8","5b448a26a16f58001071a8fa","Voice","false","true"
"5bbc6631a06007001b9400bd","2018","10","9","8","5b448a26a16f58001071a8fa","Voice","false","false"
"5bbc5d2019daa7001cab1af6","2018","10","9","9","5b448a26a16f58001071a8fa","WeChat","false","true"
"5bbc5d2019daa7001cab1af6","2018","10","9","9","5b448a26a16f58001071a8fa","WeChat","false","false"
"5bbc6724a06007001b9400be","2018","10","9","9","5b448a26a16f58001071a8fa","Telegram","false","true"
"5bbc6724a06007001b9400be","2018","10","9","9","5b448a26a16f58001071a8fa","Telegram","false","false"
"5bbc6930a413a2001b7e5c2d","2018","10","9","9","5b448a26a16f58001071a8fa","WhatsApp","false","false"
"5bbc6930a413a2001b7e5c2d","2018","10","9","9","5b448a26a16f58001071a8fa","WhatsApp","false","true"
"5bbc6a68a413a2001b7e5c2f","2018","10","9","9","5b448a26a16f58001071a8fa","Web Chat","false","true"
"5bbc6a68a413a2001b7e5c2f","2018","10","9","9","5b448a26a16f58001071a8fa","Web Chat","false","false"
"5bbc6ca4a413a2001b7e5c31","2018","10","9","9","5b4489c2a16f58001071a8f3","Email","false","true"
"5bbc6ca4a413a2001b7e5c31","2018","10","9","9","5b4489c2a16f58001071a8f3","Email","false","false"
"5bbc72bda413a2001b7e5c33","2018","10","9","9","5b448a26a16f58001071a8fa","SMS","false","true"
"5bbc72bda413a2001b7e5c33","2018","10","9","9","5b448a26a16f58001071a8fa","SMS","false","false"
"5bb304318611440010a07f48","2018","10","10","2","5b447560a16f58001071a8e1","SMS","false","true"
"5bb304318611440010a07f48","2018","10","10","2","5b447560a16f58001071a8e1","SMS","false","false"
"5bb3044b8611440010a07f4a","2018","10","10","2","5b447560a16f58001071a8e1","SMS","false","true"
"5bb3044b8611440010a07f4a","2018","10","10","2","5b447560a16f58001071a8e1","SMS","false","false"
"5bbb0a9a8611440010a07f7c","2018","10","10","2","5b445cffa16f58001071a8aa","SMS","false","false"
"5bbb0a9a8611440010a07f7c","2018","10","10","2","5b445cffa16f58001071a8aa","SMS","false","true"
"5bbd6a3aa06007001b9400bf","2018","10","10","3","5b445cffa16f58001071a8aa","WeChat","false","false"
"5bbd6a3aa06007001b9400bf","2018","10","10","3","5b445cffa16f58001071a8aa","WeChat","false","true"
"5bbd6a53a06007001b9400c0","2018","10","10","3","5b445cffa16f58001071a8aa","WeChat","false","false"
"5bbd6a53a06007001b9400c0","2018","10","10","3","5b445cffa16f58001071a8aa","WeChat","false","true"
"5bbd6a5ba06007001b9400c1","2018","10","10","3","5b56a4fd6786a4001018914e","WeChat","false","true"
"5bbd6a5ba06007001b9400c1","2018","10","10","3","5b56a4fd6786a4001018914e","WeChat","false","false"
"5bbd6b12a06007001b9400c2","2018","10","10","3","5b56a4fd6786a4001018914e","WeChat","false","false"
"5bbd6b12a06007001b9400c2","2018","10","10","3","5b56a4fd6786a4001018914e","WeChat","false","true"
"5bbd6d41a06007001b9400c3","2018","10","10","3","5b445cffa16f58001071a8aa","WeChat","false","false"
"5bbd6d41a06007001b9400c3","2018","10","10","3","5b445cffa16f58001071a8aa","WeChat","false","true"
"5bbd6eeba06007001b9400c4","2018","10","10","3","5b445cffa16f58001071a8aa","Telegram","false","false"
"5bbd6eeba06007001b9400c4","2018","10","10","3","5b445cffa16f58001071a8aa","Telegram","false","true"
"5bbd6eeba06007001b9400c5","2018","10","10","3","5b445cffa16f58001071a8aa","Telegram","false","true"
"5bbd6eeca06007001b9400c6","2018","10","10","3","5b56a4fd6786a4001018914e","Telegram","false","false"
"5bbd6eeca06007001b9400c6","2018","10","10","3","5b56a4fd6786a4001018914e","Telegram","false","true"
"5bbd6f29a06007001b9400c7","2018","10","10","3","5b56a4fd6786a4001018914e","Telegram","false","false"
"5bbd6f29a06007001b9400c7","2018","10","10","3","5b56a4fd6786a4001018914e","Telegram","false","true"
"5bbd73d9a06007001b9400c9","2018","10","10","3","5b448a26a16f58001071a8fa","Voice","false","true"
"5bbd73d9a06007001b9400c9","2018","10","10","3","5b448a26a16f58001071a8fa","Voice","false","false"
"5bbd74d1a06007001b9400ca","2018","10","10","3","5b448a26a16f58001071a8fa","","false","true"
"5bbd74d1a06007001b9400ca","2018","10","10","3","5b448a26a16f58001071a8fa","","false","false"
"5bbd74d1a06007001b9400ca","2018","10","10","3","5b448a26a16f58001071a8fa","Voice","false","true"
"5bbd74d1a06007001b9400ca","2018","10","10","3","5b448a26a16f58001071a8fa","Voice","false","false"
"5bbd7375a06007001b9400c8","2018","10","10","4","5b448a26a16f58001071a8fa","Voice","true","true"
"5bbd7375a06007001b9400c8","2018","10","10","4","5b448a26a16f58001071a8fa","Voice","true","false"
"5bbd79e6a413a2001b7e5c35","2018","10","10","4","5b445cffa16f58001071a8aa","Web Chat","false","true"
"5bbd7abba413a2001b7e5c3b","2018","10","10","4","5b445cffa16f58001071a8aa","Web Chat","false","true"
"5bbd7afca413a2001b7e5c3d","2018","10","10","4","5b56a4fd6786a4001018914e","Web Chat","false","true"
"5bbd7bd1a413a2001b7e5c3f","2018","10","10","4","5b445cffa16f58001071a8aa","Web Chat","false","true"
"5bbd7bd1a413a2001b7e5c3f","2018","10","10","4","5b445cffa16f58001071a8aa","Web Chat","false","false"
"5bbd7bf1a413a2001b7e5c41","2018","10","10","4","5b445cffa16f58001071a8aa","Web Chat","false","true"
"5bbd7dafa413a2001b7e5c45","2018","10","10","4","5b445cffa16f58001071a8aa","Web Chat","false","true"
"5bbd7dfda413a2001b7e5c49","2018","10","10","4","5b56a4fd6786a4001018914e","Web Chat","false","true"
"5bbd7dfda413a2001b7e5c49","2018","10","10","4","5b56a4fd6786a4001018914e","Web Chat","false","false"
"5bbd7f5ba413a2001b7e5c4f","2018","10","10","4","5b445cffa16f58001071a8aa","Web Chat","false","true"
"5bc439f6a413a2001b7e5c66","2018","10","15","7","5b448a26a16f58001071a8fa","SMS","false","false"
"5bc439f6a413a2001b7e5c66","2018","10","15","7","5b448a26a16f58001071a8fa","SMS","false","true"
"5bc43c7da413a2001b7e5c6a","2018","10","15","7","5b448a26a16f58001071a8fa","Email","false","true"
"5bc43d2ea413a2001b7e5c6c","2018","10","15","7","5b448a26a16f58001071a8fa","Email","false","true"
"5bc43d9ba06007001b9400cb","2018","10","15","7","5b448a26a16f58001071a8fa","Telegram","false","false"
"5bc43d9ba06007001b9400cb","2018","10","15","7","5b448a26a16f58001071a8fa","Telegram","false","true"
"5bc44126a06007001b9400cc","2018","10","15","7","5b448a26a16f58001071a8fa","Voice","false","false"
"5bc44126a06007001b9400cc","2018","10","15","7","5b448a26a16f58001071a8fa","Voice","false","true"
"5bc44228a06007001b9400cd","2018","10","15","7","5b448a26a16f58001071a8fa","Voice","false","true"
"5bc44228a06007001b9400cd","2018","10","15","7","5b448a26a16f58001071a8fa","Voice","false","false"
"5bc445bca06007001b9400ce","2018","10","15","7","5b448a26a16f58001071a8fa","Voice","false","false"
"5bc445bca06007001b9400ce","2018","10","15","7","5b448a26a16f58001071a8fa","Voice","false","true"
"5bc46098a06007001b9400d0","2018","10","15","9","5b448a26a16f58001071a8fa","Voice","false","true"
"5bc46098a06007001b9400d0","2018","10","15","9","5b448a26a16f58001071a8fa","Voice","false","false"
"5bc46919a06007001b9400d1","2018","10","15","10","5b448a26a16f58001071a8fa","Voice","false","true"
"5bc46919a06007001b9400d1","2018","10","15","10","5b448a26a16f58001071a8fa","Voice","false","false"
"5bc6b9afa06007001b9400d7","2018","10","18","2","5b448a26a16f58001071a8fa","Voice","false","false"
"5bc6b9afa06007001b9400d7","2018","10","18","2","5b448a26a16f58001071a8fa","Voice","false","true"
"5bc6c1c6a06007001b9400d9","2018","10","18","2","5b448a26a16f58001071a8fa","Voice","true","true"
"5bc6c1c6a06007001b9400d9","2018","10","18","2","5b448a26a16f58001071a8fa","Voice","true","false"
"5bc6c35ba06007001b9400da","2018","10","18","2","5b448a26a16f58001071a8fa","Voice","false","false"
"5bc6c35ba06007001b9400da","2018","10","18","2","5b448a26a16f58001071a8fa","Voice","false","true"
"5bc6e16fa06007001b9400dd","2018","10","18","2","5b448a26a16f58001071a8fa","Voice","false","false"
"5bc6e16fa06007001b9400dd","2018","10","18","2","5b448a26a16f58001071a8fa","Voice","false","true"
"5bc6e52ba06007001b9400de","2018","10","18","2","5b448a26a16f58001071a8fa","Voice","false","true"
"5bc6e52ba06007001b9400de","2018","10","18","2","5b448a26a16f58001071a8fa","Voice","false","false"
"5bc7055ba06007001b9400df","2018","10","18","2","5b448a26a16f58001071a8fa","Voice","false","false"
"5bc7055ba06007001b9400df","2018","10","18","2","5b448a26a16f58001071a8fa","Voice","false","true"
"5bc81c6ea06007001b9400e7","2018","10","19","9","5b448a26a16f58001071a8fa","Voice","false","false"
"5bc81c6ea06007001b9400e7","2018","10","19","9","5b448a26a16f58001071a8fa","Voice","false","true"
"5bc82696a06007001b9400e8","2018","10","19","9","5b448a26a16f58001071a8fa","Voice","false","true"
"5bc82696a06007001b9400e8","2018","10","19","9","5b448a26a16f58001071a8fa","Voice","false","false"
"5bd5ab69a06007001b940104","2018","10","28","12","5b56a4fd6786a4001018914e","Telegram","false","false"
"5bd5ab69a06007001b940104","2018","10","28","12","5b56a4fd6786a4001018914e","Telegram","false","true"
"5bd5ad25a413a2001b7e5d03","2018","10","28","12","5b56a4fd6786a4001018914e","SMS","false","true"
"5bd5aebca413a2001b7e5d09","2018","10","28","12","5b56a4fd6786a4001018914e","SMS","false","true"
"5bd5af3aa06007001b940105","2018","10","28","12","5b56a4fd6786a4001018914e","Telegram","false","true"
"5bd65caba413a2001b7e5d0f","2018","10","29","1","5b56a4fd6786a4001018914e","WhatsApp","false","false"
"5bd65caba413a2001b7e5d0f","2018","10","29","1","5b56a4fd6786a4001018914e","WhatsApp","false","true"
"5bd6617ca413a2001b7e5d11","2018","10","29","1","5b56a4fd6786a4001018914e","WhatsApp","false","true"
"5bd6617ca413a2001b7e5d11","2018","10","29","1","5b56a4fd6786a4001018914e","","false","true"
"5bd661c5a06007001b940106","2018","10","29","1","5b56a4fd6786a4001018914e","Telegram","false","true"
"5bd661c5a06007001b940106","2018","10","29","1","5b56a4fd6786a4001018914e","Telegram","false","false"
"5bd66218a413a2001b7e5d13","2018","10","29","1","5b56a4fd6786a4001018914e","SMS","false","true"
"5bd6692aa413a2001b7e5d15","2018","10","29","1","5b56a4fd6786a4001018914e","WhatsApp","false","true"
"5bd66950a06007001b940107","2018","10","29","1","5b56a4fd6786a4001018914e","Telegram","false","true"
"5bd66e77a413a2001b7e5d17","2018","10","29","2","5b56a4fd6786a4001018914e","SMS","false","true"
"5bd66f42a413a2001b7e5d19","2018","10","29","2","5b56a4fd6786a4001018914e","WhatsApp","false","true"
"5bd7f347a413a2001b7e5d2f","2018","10","30","5","5b56a4fd6786a4001018914e","SMS","false","true"
"5bd7f394a06007001b94010c","2018","10","30","6","5b56a4fd6786a4001018914e","Telegram","false","true"
"5bd7f452a413a2001b7e5d31","2018","10","30","6","5b56a4fd6786a4001018914e","WhatsApp","false","true"
"5bd7f485a06007001b94010d","2018","10","30","6","5b56a4fd6786a4001018914e","WeChat","false","true"
"5bd7f4d8a06007001b94010e","2018","10","30","6","5b56a4fd6786a4001018914e","WeChat","false","true"
"5bd80ff1a413a2001b7e5d35","2018","10","30","8","5b56a4fd6786a4001018914e","WhatsApp","false","true"
"5bd81557a413a2001b7e5d37","2018","10","30","8","5b56a4fd6786a4001018914e","","false","true"
"5bd81557a413a2001b7e5d37","2018","10","30","8","5b56a4fd6786a4001018914e","WhatsApp","false","true"
"5bd8159ba413a2001b7e5d39","2018","10","30","8","5b56a4fd6786a4001018914e","WhatsApp","false","false"
"5bd8159ba413a2001b7e5d39","2018","10","30","8","5b56a4fd6786a4001018914e","WhatsApp","false","true"
"5bd81722a413a2001b7e5d3b","2018","10","30","8","5b56a4fd6786a4001018914e","SMS","false","true"
"5bd8180ea06007001b94010f","2018","10","30","8","5b56a4fd6786a4001018914e","WeChat","false","true"
"5bd81cb3a413a2001b7e5d3d","2018","10","30","9","5b56a4fd6786a4001018914e","SMS","false","false"
"5bd81cb3a413a2001b7e5d3d","2018","10","30","9","5b56a4fd6786a4001018914e","SMS","false","true"
"5bd81f69a06007001b940110","2018","10","30","9","5b56a4fd6786a4001018914e","Telegram","false","false"
"5bd81f69a06007001b940110","2018","10","30","9","5b56a4fd6786a4001018914e","Telegram","false","true"
"5bd81f6ca06007001b940111","2018","10","30","9","5b56a4fd6786a4001018914e","Telegram","false","true"
"5bd81f7da413a2001b7e5d3f","2018","10","30","9","5b56a4fd6786a4001018914e","SMS","false","false"
"5bd81f7da413a2001b7e5d3f","2018","10","30","9","5b56a4fd6786a4001018914e","SMS","false","true"
"5bd82055a413a2001b7e5d41","2018","10","30","9","5b56a4fd6786a4001018914e","WhatsApp","false","true"
"5bd82055a413a2001b7e5d43","2018","10","30","9","5b56a4fd6786a4001018914e","WhatsApp","false","true"
"5bd82055a413a2001b7e5d44","2018","10","30","9","5b56a4fd6786a4001018914e","WhatsApp","false","true"
"5bd90f98a413a2001b7e5d47","2018","10","31","2","5b56a4fd6786a4001018914e","SMS","false","false"
"5bd90f98a413a2001b7e5d47","2018","10","31","2","5b56a4fd6786a4001018914e","SMS","false","true"
"5bd90fc9a06007001b940112","2018","10","31","2","5b56a4fd6786a4001018914e","Telegram","false","true"
"5bd90fc9a06007001b940112","2018","10","31","2","5b56a4fd6786a4001018914e","Telegram","false","false"
"5bd90fdca06007001b940113","2018","10","31","2","5b56a4fd6786a4001018914e","WeChat","false","false"
"5bd90fdca06007001b940113","2018","10","31","2","5b56a4fd6786a4001018914e","WeChat","false","true"
"5bd916f1a413a2001b7e5d49","2018","10","31","2","5b56a4fd6786a4001018914e","WhatsApp","false","true"
"5be92bdd562b5e00221e1cd8","2018","11","12","7","5be926292332f3001b902e0c","Telegram","false","false"
"5be92bdd562b5e00221e1cd8","2018","11","12","7","5be926292332f3001b902e0c","Telegram","false","true"
"5be92edca413a2001b7e5da0","2018","11","12","7","5be926292332f3001b902e0c","WhatsApp","false","true"
"5be92edca413a2001b7e5da0","2018","11","12","7","5be926292332f3001b902e0c","WhatsApp","false","false"
"5be93033562b5e00221e1cd9","2018","11","12","7","5be926292332f3001b902e0c","WeChat","false","false"
"5be93033562b5e00221e1cd9","2018","11","12","7","5be926292332f3001b902e0c","WeChat","false","true"
"5be93107a413a2001b7e5da3","2018","11","12","7","5be926292332f3001b902e0c","Email","false","true"
"5bea3228562b5e00221e1cdb","2018","11","13","2","5b448a26a16f58001071a8fa","","false","false"
"5bea3228562b5e00221e1cdb","2018","11","13","2","5b448a26a16f58001071a8fa","","false","true"
"5bea3228562b5e00221e1cdb","2018","11","13","2","5b448a26a16f58001071a8fa","Voice","false","true"
"5bea3228562b5e00221e1cdb","2018","11","13","2","5b448a26a16f58001071a8fa","Voice","false","false"
"5bea416b562b5e00221e1cdc","2018","11","13","3","5b448a26a16f58001071a8fa","Voice","false","true"
"5bea416b562b5e00221e1cdc","2018","11","13","3","5b448a26a16f58001071a8fa","Voice","false","false"
"5bea41d0562b5e00221e1cdd","2018","11","13","3","5b448a26a16f58001071a8fa","Voice","false","false"
"5bea41d0562b5e00221e1cdd","2018","11","13","3","5b448a26a16f58001071a8fa","Voice","false","true"
"5bea46f8562b5e00221e1cde","2018","11","13","4","5b448a26a16f58001071a8fa","Voice","false","true"
"5bea46f8562b5e00221e1cde","2018","11","13","4","5b448a26a16f58001071a8fa","Voice","false","false"
"5bea47b3562b5e00221e1cdf","2018","11","13","4","5b448a26a16f58001071a8fa","Voice","false","true"
"5bea47b3562b5e00221e1cdf","2018","11","13","4","5b448a26a16f58001071a8fa","Voice","false","false"
"5bea9db2a413a2001b7e5db9","2018","11","13","9","5b448a26a16f58001071a8fa","WhatsApp","false","true"
"5be92edca413a2001b7e5da0","2018","11","14","2","5be926292332f3001b902e0c","WhatsApp","false","false"
"5be92edca413a2001b7e5da0","2018","11","14","2","5be926292332f3001b902e0c","WhatsApp","false","true"
"5be93033562b5e00221e1cd9","2018","11","14","2","5be926292332f3001b902e0c","WeChat","false","false"
"5be93033562b5e00221e1cd9","2018","11","14","2","5be926292332f3001b902e0c","WeChat","false","true"
"5be93709a413a2001b7e5da5","2018","11","14","2","5be926292332f3001b902e0c","Web Chat","false","true"
"5be93709a413a2001b7e5da5","2018","11","14","2","5be926292332f3001b902e0c","Web Chat","false","false"
"5bebc791562b5e00221e1ce1","2018","11","14","7","5b448a26a16f58001071a8fa","Voice","false","false"
"5bebc791562b5e00221e1ce1","2018","11","14","7","5b448a26a16f58001071a8fa","Voice","false","true"
"5bebbaada413a2001b7e5dbb","2018","11","14","8","5be926292332f3001b902e0c","WhatsApp","false","false"
"5bebbaada413a2001b7e5dbb","2018","11","14","8","5be926292332f3001b902e0c","WhatsApp","false","true"
"5bebeddda413a2001b7e5dbd","2018","11","14","9","5b445cffa16f58001071a8aa","WhatsApp","false","true"
"5becaa11a413a2001b7e5dbf","2018","11","14","23","5b445cffa16f58001071a8aa","WhatsApp","false","true"
"5becd5c3a413a2001b7e5dc5","2018","11","15","2","5b445cffa16f58001071a8aa","WhatsApp","false","true"
"5bece0faa413a2001b7e5dc7","2018","11","15","2","5b445cffa16f58001071a8aa","WhatsApp","false","false"
"5bece0faa413a2001b7e5dc7","2018","11","15","2","5b445cffa16f58001071a8aa","WhatsApp","false","true"
"5bece0faa413a2001b7e5dc7","2018","11","15","3","5b445cffa16f58001071a8aa","WhatsApp","false","true"
"5bece0faa413a2001b7e5dc7","2018","11","15","3","5b445cffa16f58001071a8aa","WhatsApp","false","false"
"5be22bd3a413a2001b7e5d5e","2018","11","15","9","5b56a4fd6786a4001018914e","SMS","false","false"
"5be22bd3a413a2001b7e5d5e","2018","11","15","9","5b56a4fd6786a4001018914e","SMS","false","true"
"5bed45e2a413a2001b7e5dcb","2018","11","15","10","5b56a4fd6786a4001018914e","Web Chat","false","true"
"5bed4685562b5e00221e1ce3","2018","11","15","10","5b56a4fd6786a4001018914e","Telegram","false","true"
"5bed4685562b5e00221e1ce3","2018","11","15","10","5b56a4fd6786a4001018914e","Telegram","false","false"
"5bed4768a413a2001b7e5dcd","2018","11","15","10","5b56a4fd6786a4001018914e","WhatsApp","false","true"
"5bed4805a413a2001b7e5dcf","2018","11","15","10","5b56a4fd6786a4001018914e","WhatsApp","false","true"
"5bee2824a413a2001b7e5dd6","2018","11","16","2","5b56a4fd6786a4001018914e","Web Chat","false","true"
"5bee8c39a413a2001b7e5dd8","2018","11","16","9","5b56a4fd6786a4001018914e","WhatsApp","false","true"
"5bee8cdfa413a2001b7e5dda","2018","11","16","9","5b56a4fd6786a4001018914e","WhatsApp","false","false"
"5bee8cdfa413a2001b7e5dda","2018","11","16","9","5b56a4fd6786a4001018914e","WhatsApp","false","true"
"5bee8f3fa413a2001b7e5dde","2018","11","16","9","5b56a4fd6786a4001018914e","WhatsApp","false","true"
"5bee8f3fa413a2001b7e5dde","2018","11","16","9","5b56a4fd6786a4001018914e","WhatsApp","false","false"
"5bee8cdfa413a2001b7e5dda","2018","11","16","10","5b56a4fd6786a4001018914e","WhatsApp","false","false"
"5bee8cdfa413a2001b7e5dda","2018","11","16","10","5b56a4fd6786a4001018914e","WhatsApp","false","true"
"5bf6597e562b5e00221e1cea","2018","11","22","7","5b448a26a16f58001071a8fa","Voice","false","false"
"5bf6597e562b5e00221e1cea","2018","11","22","7","5b448a26a16f58001071a8fa","Voice","false","true"
"5bfbadc8a413a2001b7e5e02","2018","11","26","8","5b445cffa16f58001071a8aa","WhatsApp","false","true"
"5bfca270a413a2001b7e5e04","2018","11","27","1","5b445cffa16f58001071a8aa","WhatsApp","false","true"
"5bfca749a413a2001b7e5e06","2018","11","27","2","5b445cffa16f58001071a8aa","WhatsApp","false","true"
"5bff8886a413a2001b7e5e0b","2018","11","29","6","5b448a26a16f58001071a8fa","SMS","false","false"
"5bff8886a413a2001b7e5e0b","2018","11","29","6","5b448a26a16f58001071a8fa","SMS","false","true"
"5bff8a7ea413a2001b7e5e11","2018","11","29","6","5b448a26a16f58001071a8fa","SMS","false","true"
"5c061d2da413a2001b7e5e13","2018","12","4","6","5b56a4fd6786a4001018914e","SMS","false","true"
"5c061e0ca413a2001b7e5e15","2018","12","4","6","5b56a4fd6786a4001018914e","SMS","false","true"
"5c061e0ca413a2001b7e5e15","2018","12","4","6","5b56a4fd6786a4001018914e","SMS","false","false"
"5c0782d2a413a2001b7e5e1b","2018","12","5","9","5b448a26a16f58001071a8fa","SMS","false","false"
"5c0782d2a413a2001b7e5e1b","2018","12","5","9","5b448a26a16f58001071a8fa","SMS","false","true"
"5c09afe9a413a2001b7e6b53","2018","12","6","23","5b445cffa16f58001071a8aa","WhatsApp","false","true"
"5c09d8b8a413a2001b7e6b55","2018","12","7","2","5b445cffa16f58001071a8aa","WhatsApp","false","false"
"5c09d8b8a413a2001b7e6b55","2018","12","7","2","5b445cffa16f58001071a8aa","WhatsApp","false","true"
"5c09d8b8a413a2001b7e6b55","2018","12","11","6","5b445cffa16f58001071a8aa","WhatsApp","false","true"
"5c09d8b8a413a2001b7e6b55","2018","12","11","6","5b445cffa16f58001071a8aa","WhatsApp","false","false"
"5c10852ca413a2001b7e6b65","2018","12","13","5","5b56a4fd6786a4001018914e","SMS","false","false"
"5c10852ca413a2001b7e6b65","2018","12","13","5","5b56a4fd6786a4001018914e","SMS","false","true"
"5c11f92ba413a2001b7e6b67","2018","12","13","6","5b445cffa16f58001071a8aa","","false","true"
"5c11f92ba413a2001b7e6b67","2018","12","13","6","5b445cffa16f58001071a8aa","WhatsApp","false","true"
"5c11f92ea413a2001b7e6b69","2018","12","13","6","5b445cffa16f58001071a8aa","WhatsApp","false","false"
"5c11f92ea413a2001b7e6b69","2018","12","13","6","5b445cffa16f58001071a8aa","WhatsApp","false","true"
"5c12179aa413a2001b7e6b6d","2018","12","13","8","5b445cffa16f58001071a8aa","WhatsApp","false","true"
"5c184b675b8199001be067fc","2018","12","18","1","5b445cffa16f58001071a8aa","WhatsApp","false","true"
"5c1853005b8199001be067fe","2018","12","18","1","5b445cffa16f58001071a8aa","WhatsApp","false","true"
"5c1853d35b8199001be06800","2018","12","18","1","5b445cffa16f58001071a8aa","WhatsApp","false","true"
"5c079ee8a413a2001b7e6b51","2018","12","19","7","5b448a26a16f58001071a8fa","SMS","false","true"
"5c079ee8a413a2001b7e6b51","2018","12","19","7","5b448a26a16f58001071a8fa","SMS","false","false"
"5c1c55655b8199001be06802","2018","12","21","2","5b445cffa16f58001071a8aa","WhatsApp","false","true"
"5c1c55655b8199001be06802","2018","12","21","2","5b445cffa16f58001071a8aa","WhatsApp","false","false"
"5c1c5f1c5b8199001be06808","2018","12","21","3","5b56a4fd6786a4001018914e","SMS","false","true"
"5c1c5fc55b8199001be0680a","2018","12","21","3","5b56a4fd6786a4001018914e","WhatsApp","false","false"
"5c1c5fc55b8199001be0680a","2018","12","21","3","5b56a4fd6786a4001018914e","WhatsApp","false","true"
"5c1c9ed15b8199001be0680c","2018","12","21","8","5b56a4fd6786a4001018914e","WhatsApp","false","true"
"5c26f8cb5b8199001be0681d","2019","1","2","8","5b445daaa16f58001071a8c7","WhatsApp","false","true"
"5c26f8cb5b8199001be0681d","2019","1","2","8","5b445daaa16f58001071a8c7","WhatsApp","false","false"
"5c2c70215b8199001be06829","2019","1","2","8","5b445daaa16f58001071a8c7","WhatsApp","false","false"
"5c2c70215b8199001be06829","2019","1","2","8","5b445daaa16f58001071a8c7","WhatsApp","false","true"
"5c2c70215b8199001be06829","2019","1","2","8","","WhatsApp","false","false"
"5c2c70215b8199001be06829","2019","1","2","8","","WhatsApp","false","true"
"5c2c70215b8199001be06829","2019","1","3","2","5b445daaa16f58001071a8c7","WhatsApp","false","true"
"5c2c70215b8199001be06829","2019","1","3","2","5b445daaa16f58001071a8c7","WhatsApp","false","false"
"5c2c1ba75b8199001be06827","2019","1","3","5","5b445daaa16f58001071a8c7","WhatsApp","false","false"
"5c2c1ba75b8199001be06827","2019","1","3","5","5b445daaa16f58001071a8c7","WhatsApp","false","true"
"5c2ecb365b8199001be06834","2019","1","4","2","5b56a4fd6786a4001018914e","WhatsApp","false","true"
"5c2ecb365b8199001be06834","2019","1","4","2","5b56a4fd6786a4001018914e","WhatsApp","false","false"
"5c2ecb365b8199001be06834","2019","1","4","3","5b56a4fd6786a4001018914e","WhatsApp","false","false"
"5c2ecb365b8199001be06834","2019","1","4","3","5b56a4fd6786a4001018914e","WhatsApp","false","true"
"5c2c70215b8199001be06829","2019","1","4","8","5b445daaa16f58001071a8c7","WhatsApp","false","true"
"5c2c70215b8199001be06829","2019","1","4","8","5b445daaa16f58001071a8c7","WhatsApp","false","false"
"5c2f1a365b8199001be06836","2019","1","4","8","5b445daaa16f58001071a8c7","WhatsApp","false","true"
"5c32b5395b8199001be06838","2019","1","7","2","5b445daaa16f58001071a8c7","WhatsApp","false","true"
